Date,Open,High,Low,Close,Volume
2020-12-24 00:00:00-05:00,9039.0,9062.0,7935.0,8192.6005859375,14020
2020-12-28 00:00:00-05:00,7866.0,7866.0,7038.0,7079.39990234375,19779
2020-12-29 00:00:00-05:00,7033.39990234375,7051.80029296875,6453.80029296875,6729.80029296875,12820
2020-12-30 00:00:00-05:00,6674.60009765625,7245.0,6573.39990234375,6587.2001953125,11153
2020-12-31 00:00:00-05:00,6670.0,6711.39990234375,6219.2001953125,6348.0,10511
2021-01-04 00:00:00-05:00,6361.80029296875,6371.0,5520.0,5750.0,16533
2021-01-05 00:00:00-05:00,6348.0,6633.2001953125,6164.0,6481.39990234375,15950
2021-01-06 00:00:00-05:00,6614.80029296875,6941.39990234375,6302.0,6458.39990234375,12305
2021-01-07 00:00:00-05:00,6665.39990234375,6794.2001953125,6412.39990234375,6527.39990234375,8185
2021-01-08 00:00:00-05:00,7084.0,7130.0,6490.60009765625,6900.0,13423
2021-01-11 00:00:00-05:00,7219.7001953125,7912.0,7120.80029296875,7843.0,17010
2021-01-12 00:00:00-05:00,7544.0,7797.0,7429.0,7691.2001953125,15244
2021-01-13 00:00:00-05:00,9163.2001953125,9200.0,8201.7998046875,8740.0,47384
2021-01-14 00:00:00-05:00,8896.400390625,8924.0,7985.60009765625,8022.400390625,22700
2021-01-15 00:00:00-05:00,8026.8623046875,8224.7998046875,7686.60009765625,7774.0,9746
2021-01-19 00:00:00-05:00,7906.29638671875,7990.2001953125,7369.2001953125,7672.80029296875,10778
2021-01-20 00:00:00-05:00,7795.39013671875,8265.0498046875,7705.0,7985.60009765625,9612
2021-01-21 00:00:00-05:00,8229.400390625,8257.0,7751.0,7875.2001953125,7261
2021-01-22 00:00:00-05:00,7847.60009765625,7861.400390625,7668.2001953125,7820.0,6055
2021-01-25 00:00:00-05:00,7820.0,7898.2001953125,7199.0,7728.0,9465
2021-01-26 00:00:00-05:00,7498.0,7530.2001953125,7291.0,7456.60009765625,11591
2021-01-27 00:00:00-05:00,7163.1201171875,7452.0,6808.0,6964.39990234375,11113
2021-01-28 00:00:00-05:00,7038.0,7254.2001953125,6854.0,7116.2001953125,7292
2021-01-29 00:00:00-05:00,6946.0,7176.0,6808.0458984375,6932.2001953125,11132
2021-02-01 00:00:00-05:00,7005.80029296875,7447.400390625,6688.4462890625,7130.0,8510
2021-02-02 00:00:00-05:00,7477.30029296875,7498.0,7176.0,7254.2001953125,6608
2021-02-03 00:00:00-05:00,7410.60009765625,7935.0,7410.60009765625,7544.0,14914
2021-02-04 00:00:00-05:00,8174.2001953125,8684.7998046875,7898.2001953125,8671.0,33224
2021-02-05 00:00:00-05:00,8629.6005859375,8648.0,8017.80029296875,8109.80029296875,17040
2021-02-08 00:00:00-05:00,7861.400390625,8031.60009765625,7603.1103515625,7824.60009765625,14150
2021-02-09 00:00:00-05:00,7842.9541015625,7957.9541015625,7557.80029296875,7737.2001953125,10315
2021-02-10 00:00:00-05:00,7767.7900390625,7925.80029296875,7194.39990234375,7599.2001953125,8722
2021-02-11 00:00:00-05:00,7613.0,7631.400390625,7360.0,7461.2001953125,5699
2021-02-12 00:00:00-05:00,7465.80029296875,7879.80029296875,7300.2001953125,7672.80029296875,6898
2021-02-16 00:00:00-05:00,7820.0,7820.0,7534.80029296875,7677.400390625,7344
2021-02-17 00:00:00-05:00,7636.0,7663.60009765625,7327.80029296875,7562.400390625,7137
2021-02-18 00:00:00-05:00,7378.400390625,7442.80029296875,7111.60009765625,7222.0,7758
2021-02-19 00:00:00-05:00,7254.2001953125,7350.80029296875,7005.80029296875,7042.60009765625,6882
2021-02-22 00:00:00-05:00,6936.80029296875,7033.39990234375,6716.0,6743.60009765625,7280
2021-02-23 00:00:00-05:00,6210.0,6343.39990234375,5750.0,6058.2001953125,12636
2021-02-24 00:00:00-05:00,6219.2001953125,6578.0,6144.26611328125,6536.60009765625,7076
2021-02-25 00:00:00-05:00,6486.0,6734.35400390625,6122.60009765625,6219.2001953125,5923
2021-02-26 00:00:00-05:00,6118.0,6263.4521484375,5865.0,5915.60009765625,8928
2021-03-01 00:00:00-05:00,6108.80029296875,6739.0,5984.60009765625,6564.2001953125,9529
2021-03-02 00:00:00-05:00,6499.80029296875,6555.0,6283.60009765625,6384.80029296875,4597
2021-03-03 00:00:00-05:00,6467.60009765625,6472.2001953125,5943.2001953125,5993.80029296875,7363
2021-03-04 00:00:00-05:00,5928.47998046875,5996.10009765625,5014.0,5257.80029296875,11322
2021-03-05 00:00:00-05:00,5336.0,5400.39990234375,4452.80029296875,5142.80029296875,13117
2021-03-08 00:00:00-05:00,5179.60009765625,5589.0,5073.80029296875,5119.80029296875,6554
2021-03-09 00:00:00-05:00,5360.748046875,5736.2001953125,5326.80029296875,5621.2001953125,8496
2021-03-10 00:00:00-05:00,5800.60009765625,6196.2001953125,5722.39990234375,5929.39990234375,9247
2021-03-11 00:00:00-05:00,6072.0,6826.39990234375,6049.0,6748.2001953125,17718
2021-03-12 00:00:00-05:00,6941.39990234375,7360.0,6509.0,6817.2001953125,28485
2021-03-15 00:00:00-04:00,7106.63232421875,7498.0,6918.39990234375,7222.0,17673
2021-03-16 00:00:00-04:00,7268.0,7672.80029296875,6932.2001953125,7102.39990234375,16545
2021-03-17 00:00:00-04:00,6794.2001953125,7419.80029296875,6740.6103515625,7194.39990234375,19417
2021-03-18 00:00:00-04:00,6992.0,7456.60009765625,6918.39990234375,7061.0,14015
2021-03-19 00:00:00-04:00,7130.0,7217.39990234375,6844.80029296875,7074.80029296875,29845
2021-03-22 00:00:00-04:00,7203.60009765625,7291.0,6854.0,7042.60009765625,11666
2021-03-23 00:00:00-04:00,6936.80029296875,7079.39990234375,6743.60009765625,6794.2001953125,11541
2021-03-24 00:00:00-04:00,6900.0,6900.0,5970.80029296875,5973.10009765625,11011
2021-03-25 00:00:00-04:00,5704.0,5970.80029296875,5520.0,5888.0,8991
2021-03-26 00:00:00-04:00,5911.0,6108.80029296875,5469.39990234375,5731.60009765625,7885
2021-03-29 00:00:00-04:00,5731.60009765625,5768.39990234375,5359.0,5428.0,11510
2021-03-30 00:00:00-04:00,4434.39990234375,4498.80029296875,3919.24609375,4278.0,78935
2021-03-31 00:00:00-04:00,4393.0,4416.0,4121.60009765625,4153.80029296875,28219
2021-04-01 00:00:00-04:00,4278.0,4429.80029296875,4121.60009765625,4135.39990234375,17198
2021-04-05 00:00:00-04:00,4213.60009765625,4213.60009765625,3703.0,3896.2001953125,26767
2021-04-06 00:00:00-04:00,3845.60009765625,4324.0,3827.2001953125,4259.60009765625,17234
2021-04-07 00:00:00-04:00,4167.60009765625,4899.0,4103.2001953125,4383.80029296875,22763
2021-04-08 00:00:00-04:00,4544.80029296875,4774.80029296875,4466.60009765625,4751.80029296875,13746
2021-04-09 00:00:00-04:00,4609.2001953125,4682.80029296875,4388.39990234375,4494.2001953125,8680
2021-04-12 00:00:00-04:00,4480.39990234375,4480.39990234375,4043.400146484375,4112.39990234375,9728
2021-04-13 00:00:00-04:00,4112.39990234375,4255.0,3914.60009765625,4227.39990234375,9847
2021-04-14 00:00:00-04:00,4140.0,4291.80029296875,4103.2001953125,4213.60009765625,5923
2021-04-15 00:00:00-04:00,4149.2001953125,4181.39990234375,3772.046142578125,3845.60009765625,13325
2021-04-16 00:00:00-04:00,3822.60009765625,3877.800048828125,3735.2001953125,3776.60009765625,7656
2021-04-19 00:00:00-04:00,3762.800048828125,3923.800048828125,3707.60009765625,3808.800048828125,7151
2021-04-20 00:00:00-04:00,3657.0,3693.800048828125,3450.0,3519.0,11371
2021-04-21 00:00:00-04:00,3450.0,3979.0,3371.800048828125,3960.60009765625,10831
2021-04-22 00:00:00-04:00,3942.2001953125,4066.400146484375,3800.382080078125,3882.400146484375,7437
2021-04-23 00:00:00-04:00,3864.0,4089.400146484375,3827.2001953125,4006.60009765625,4207
2021-04-26 00:00:00-04:00,4071.0,4222.80029296875,3960.60009765625,4126.2001953125,4297
2021-04-27 00:00:00-04:00,4187.51806640625,4195.2001953125,4057.2001953125,4130.80029296875,2901
2021-04-28 00:00:00-04:00,4061.800048828125,4388.39990234375,4034.2001953125,4365.39990234375,5927
2021-04-29 00:00:00-04:00,4319.39990234375,4383.75390625,4090.22802734375,4190.60009765625,4141
2021-04-30 00:00:00-04:00,4089.400146484375,4213.60009765625,3988.2001953125,4057.2001953125,3228
2021-05-03 00:00:00-04:00,4103.2001953125,4112.39990234375,3813.400146484375,3864.0,3654
2021-05-04 00:00:00-04:00,3818.0,3854.800048828125,3657.690185546875,3730.60009765625,4928
2021-05-05 00:00:00-04:00,3721.400146484375,3762.800048828125,3661.60009765625,3691.5,3195
2021-05-06 00:00:00-04:00,3664.774169921875,3676.734130859375,3328.10009765625,3397.10009765625,7167
2021-05-07 00:00:00-04:00,3445.400146484375,3689.199951171875,3367.199951171875,3555.800048828125,6211
2021-05-10 00:00:00-04:00,3514.400146484375,3551.199951171875,3220.0,3261.400146484375,6208
2021-05-11 00:00:00-04:00,3155.278076171875,3684.60009765625,2994.60009765625,3643.199951171875,9387
2021-05-12 00:00:00-04:00,3454.60009765625,3560.400146484375,3321.199951171875,3390.199951171875,4635
2021-05-13 00:00:00-04:00,3413.199951171875,3574.199951171875,3243.0,3279.800048828125,4362
2021-05-14 00:00:00-04:00,3371.800048828125,3486.800048828125,3302.800048828125,3358.0,3629
2021-05-17 00:00:00-04:00,3390.199951171875,3661.60009765625,3344.199951171875,3473.0,6277
2021-05-18 00:00:00-04:00,3542.0,3643.199951171875,3256.800048828125,3491.400146484375,13278
2021-05-19 00:00:00-04:00,3358.0,3592.60009765625,3302.800048828125,3574.199951171875,5437
2021-05-20 00:00:00-04:00,3569.60009765625,3592.60009765625,3463.800048828125,3555.800048828125,4123
2021-05-21 00:00:00-04:00,3578.800048828125,3638.60009765625,3500.60009765625,3523.60009765625,4255
2021-05-24 00:00:00-04:00,3726.0,3784.880126953125,3477.60009765625,3560.400146484375,4682
2021-05-25 00:00:00-04:00,3542.0,3583.400146484375,3413.24609375,3473.0,4128
2021-05-26 00:00:00-04:00,3471.988037109375,3726.0,3459.199951171875,3634.0,5069
2021-05-27 00:00:00-04:00,3657.0,3790.400146484375,3592.60009765625,3772.0,9382
2021-05-28 00:00:00-04:00,3772.0,3887.0,3634.0,3643.199951171875,4101
2021-06-01 00:00:00-04:00,3680.0,3781.2001953125,3601.800048828125,3749.0,3610
2021-06-02 00:00:00-04:00,3776.60009765625,4140.0,3707.60009765625,4071.0,12334
2021-06-03 00:00:00-04:00,4052.60009765625,4264.06201171875,3910.0,4098.60009765625,12467
2021-06-04 00:00:00-04:00,4144.60009765625,4190.60009765625,3938.2900390625,3992.800048828125,6530
2021-06-07 00:00:00-04:00,4080.2001953125,4218.2001953125,3960.60009765625,4094.0,6795
2021-06-08 00:00:00-04:00,4153.80029296875,5483.2001953125,4153.80029296875,4926.60009765625,57543
2021-06-09 00:00:00-04:00,5561.39990234375,5605.10009765625,4512.60009765625,4618.39990234375,29428
2021-06-10 00:00:00-04:00,4586.2001953125,4705.80029296875,4259.60009765625,4489.60009765625,12617
2021-06-11 00:00:00-04:00,4526.39990234375,4581.60009765625,4301.0,4462.0,7344
2021-06-14 00:00:00-04:00,4439.0,4600.0,4324.0,4351.60009765625,5429
2021-06-15 00:00:00-04:00,4347.0,5244.0,4318.89404296875,5083.0,69463
2021-06-16 00:00:00-04:00,4931.2001953125,5078.39990234375,4521.80029296875,4692.0,21255
2021-06-17 00:00:00-04:00,4751.80029296875,4897.7119140625,4420.60009765625,4567.80029296875,15928
2021-06-18 00:00:00-04:00,4595.39990234375,4761.0,4521.80029296875,4586.2001953125,13808
2021-06-21 00:00:00-04:00,4498.80029296875,4553.81591796875,4289.5,4356.2001953125,11340
2021-06-22 00:00:00-04:00,4382.3740234375,4425.2001953125,4199.80029296875,4360.80029296875,7328
2021-06-23 00:00:00-04:00,4411.0322265625,4636.80029296875,4393.0,4600.0,7126
2021-06-24 00:00:00-04:00,4604.60009765625,4667.98828125,4443.60009765625,4517.2001953125,6808
2021-06-25 00:00:00-04:00,4517.2001953125,4595.39990234375,4420.60009765625,4448.2001953125,29055
2021-06-28 00:00:00-04:00,4494.93603515625,4566.8798828125,4406.80029296875,4517.2001953125,6002
2021-06-29 00:00:00-04:00,4546.18017578125,4696.60009765625,4434.39990234375,4517.2001953125,12173
2021-06-30 00:00:00-04:00,4494.2001953125,4742.60009765625,4439.0,4572.39990234375,8988
2021-07-01 00:00:00-04:00,4632.2001953125,4655.10791015625,4347.0,4356.2001953125,5443
2021-07-02 00:00:00-04:00,4370.0,4455.6982421875,4158.39990234375,4176.80029296875,4882
2021-07-06 00:00:00-04:00,4253.85009765625,4270.3642578125,4107.80029296875,4195.2001953125,3553
2021-07-07 00:00:00-04:00,4195.2001953125,4199.80029296875,3928.400146484375,4052.60009765625,4906
2021-07-08 00:00:00-04:00,3900.800048828125,4075.60009765625,3870.2099609375,4061.800048828125,2938
2021-07-09 00:00:00-04:00,4084.800048828125,4163.0,4002.0,4144.60009765625,2238
2021-07-12 00:00:00-04:00,4149.2001953125,4245.2021484375,4026.05810546875,4190.60009765625,2644
2021-07-13 00:00:00-04:00,4176.80029296875,4209.0,4043.400146484375,4126.2001953125,2622
2021-07-14 00:00:00-04:00,4163.0,4229.7001953125,3988.2001953125,4006.60009765625,3327
2021-07-15 00:00:00-04:00,4011.2001953125,4324.0,3960.462158203125,4057.2001953125,3880
2021-07-16 00:00:00-04:00,4057.2001953125,4066.400146484375,3887.0,3905.400146484375,2627
2021-07-19 00:00:00-04:00,3785.800048828125,3868.60009765625,3650.7900390625,3831.800048828125,3508
2021-07-20 00:00:00-04:00,3841.0,3974.400146484375,3726.0,3914.60009765625,2722
2021-07-21 00:00:00-04:00,3873.2001953125,4043.400146484375,3841.0,4020.400146484375,2637
2021-07-22 00:00:00-04:00,4071.0,4080.2001953125,3868.60009765625,3882.400146484375,2126
2021-07-23 00:00:00-04:00,3864.0,3894.820068359375,3721.400146484375,3772.0,2123
2021-07-26 00:00:00-04:00,3739.800048828125,3988.2001953125,3697.02001953125,3841.0,3048
2021-07-27 00:00:00-04:00,3841.0,3841.0,3643.199951171875,3721.400146484375,3816
2021-07-28 00:00:00-04:00,3741.0419921875,3891.60009765625,3712.2001953125,3854.800048828125,2635
2021-07-29 00:00:00-04:00,3864.0,3873.2001953125,3735.2001953125,3735.2001953125,2982
2021-07-30 00:00:00-04:00,3703.0,3822.60009765625,3675.400146484375,3739.800048828125,2371
2021-08-02 00:00:00-04:00,3795.0,3795.0,3667.580078125,3675.400146484375,2608
2021-08-03 00:00:00-04:00,3735.2001953125,3735.2001953125,3575.166015625,3606.400146484375,2311
2021-08-04 00:00:00-04:00,3574.199951171875,3698.400146484375,3505.199951171875,3509.800048828125,2642
2021-08-05 00:00:00-04:00,3509.800048828125,3730.60009765625,3502.900146484375,3657.0,2837
2021-08-06 00:00:00-04:00,3680.0,3730.60009765625,3634.0,3684.60009765625,1755
2021-08-09 00:00:00-04:00,3675.400146484375,3795.0,3657.0,3670.800048828125,3593
2021-08-10 00:00:00-04:00,3729.26611328125,3804.2001953125,3634.0,3675.400146484375,3692
2021-08-11 00:00:00-04:00,3680.0,3712.2001953125,3592.60009765625,3652.400146484375,2583
2021-08-12 00:00:00-04:00,3657.0,3657.0,3477.60009765625,3514.400146484375,3852
2021-08-13 00:00:00-04:00,3537.400146484375,3560.400146484375,3224.60009765625,3229.199951171875,5933
2021-08-16 00:00:00-04:00,3220.0,3243.0,3013.0,3022.199951171875,7469
2021-08-17 00:00:00-04:00,3013.0,3013.0,2827.942138671875,2921.0,6478
2021-08-18 00:00:00-04:00,2990.322021484375,3003.800048828125,2815.199951171875,2829.0,5480
2021-08-19 00:00:00-04:00,2796.800048828125,2815.199951171875,2645.0,2681.800048828125,8494
2021-08-20 00:00:00-04:00,2668.0,2842.800048828125,2663.400146484375,2718.60009765625,5181
2021-08-23 00:00:00-04:00,2824.400146484375,3620.199951171875,2806.0,3583.400146484375,34109
2021-08-24 00:00:00-04:00,3413.199951171875,3486.800048828125,3183.199951171875,3477.60009765625,15704
2021-08-25 00:00:00-04:00,3390.199951171875,3661.60009765625,3381.0,3450.0,9140
2021-08-26 00:00:00-04:00,3453.0361328125,3712.2001953125,3404.0,3519.0,7336
2021-08-27 00:00:00-04:00,3532.800048828125,3574.199951171875,3312.0,3385.60009765625,7707
2021-08-30 00:00:00-04:00,3408.60009765625,3408.60009765625,3210.800048828125,3275.199951171875,4396
2021-08-31 00:00:00-04:00,3262.964111328125,3339.60009765625,3233.800048828125,3316.60009765625,3618
2021-09-01 00:00:00-04:00,3266.0,3455.52001953125,3252.199951171875,3394.800048828125,5491
2021-09-02 00:00:00-04:00,3394.800048828125,3611.0,3390.199951171875,3551.199951171875,6037
2021-09-03 00:00:00-04:00,3519.0,3703.0,3481.739990234375,3500.60009765625,7433
2021-09-07 00:00:00-04:00,3583.9521484375,3781.2001953125,3551.24609375,3588.0,7585
2021-09-08 00:00:00-04:00,3588.0,3588.0,3261.400146484375,3371.800048828125,5389
2021-09-09 00:00:00-04:00,3371.800048828125,3418.5361328125,3284.400146484375,3325.800048828125,3592
2021-09-10 00:00:00-04:00,3381.0,3404.0,3151.0,3155.60009765625,5130
2021-09-13 00:00:00-04:00,3178.60009765625,3307.400146484375,3111.900146484375,3220.0,3704
2021-09-14 00:00:00-04:00,3247.60009765625,3307.400146484375,3123.400146484375,3164.800048828125,3505
2021-09-15 00:00:00-04:00,3155.60009765625,3210.800048828125,3105.0,3160.199951171875,4122
2021-09-16 00:00:00-04:00,3114.199951171875,3128.0,3059.0,3072.800048828125,4020
2021-09-17 00:00:00-04:00,3077.400146484375,3240.699951171875,3077.400146484375,3141.800048828125,12320
2021-09-20 00:00:00-04:00,2985.400146484375,3141.800048828125,2957.800048828125,3118.800048828125,7265
2021-09-21 00:00:00-04:00,3128.0,3183.199951171875,2957.800048828125,3077.400146484375,8812
2021-09-22 00:00:00-04:00,3089.635986328125,3089.635986328125,2893.400146484375,3013.0,12088
2021-09-23 00:00:00-04:00,3137.199951171875,3615.60009765625,3137.199951171875,3413.199951171875,27190
2021-09-24 00:00:00-04:00,3537.400146484375,4218.2001953125,3482.199951171875,4158.39990234375,55639
2021-09-27 00:00:00-04:00,4103.2001953125,4236.60009765625,3684.60009765625,3827.2001953125,23449
2021-09-28 00:00:00-04:00,3726.0,3900.800048828125,3519.0,3532.800048828125,9490
2021-09-29 00:00:00-04:00,3606.400146484375,3864.0,3390.199951171875,3417.800048828125,13570
2021-09-30 00:00:00-04:00,3477.60009765625,3578.800048828125,3387.900146484375,3537.400146484375,5893
2021-10-01 00:00:00-04:00,3532.800048828125,3574.199951171875,3275.199951171875,3302.800048828125,6548
2021-10-04 00:00:00-04:00,3289.0,3302.800048828125,3072.800048828125,3132.60009765625,5711
2021-10-05 00:00:00-04:00,3169.400146484375,3231.5,3118.800048828125,3160.199951171875,4770
2021-10-06 00:00:00-04:00,3095.800048828125,3169.400146484375,3022.199951171875,3059.0,4369
2021-10-07 00:00:00-04:00,3114.199951171875,3169.400146484375,3044.050048828125,3054.400146484375,3900
2021-10-08 00:00:00-04:00,3077.400146484375,3100.400146484375,2967.0,2976.199951171875,4166
2021-10-11 00:00:00-04:00,3030.066162109375,3142.858154296875,2963.320068359375,3049.800048828125,3775
2021-10-12 00:00:00-04:00,3049.800048828125,3224.60009765625,3044.464111328125,3201.60009765625,4056
2021-10-13 00:00:00-04:00,3233.800048828125,3339.60009765625,3210.800048828125,3321.199951171875,3400
2021-10-14 00:00:00-04:00,3325.800048828125,3367.199951171875,3213.10009765625,3312.0,4235
2021-10-15 00:00:00-04:00,3362.60009765625,3385.60009765625,3270.60009765625,3348.800048828125,3583
2021-10-18 00:00:00-04:00,3152.610107421875,3311.9541015625,3151.0,3247.60009765625,3681
2021-10-19 00:00:00-04:00,3261.400146484375,3335.0,3238.400146484375,3316.60009765625,2461
2021-10-20 00:00:00-04:00,3335.0,3335.0,3243.0,3279.800048828125,1795
2021-10-21 00:00:00-04:00,3270.278076171875,3404.0,3247.14013671875,3390.199951171875,4582
2021-10-22 00:00:00-04:00,3358.0,3391.073974609375,3187.800048828125,3215.400146484375,3434
2021-10-25 00:00:00-04:00,3293.60009765625,3514.400146484375,3259.10009765625,3436.199951171875,6340
2021-10-26 00:00:00-04:00,3436.199951171875,3636.300048828125,3436.199951171875,3496.0,4835
2021-10-27 00:00:00-04:00,3500.60009765625,3578.800048828125,3358.0,3381.0,2388
2021-10-28 00:00:00-04:00,3404.0,3749.0,3404.0,3670.800048828125,7110
2021-10-29 00:00:00-04:00,3670.800048828125,3822.60009765625,3643.199951171875,3689.199951171875,4280
2021-11-01 00:00:00-04:00,3730.60009765625,3910.0,3726.0,3850.2001953125,6574
2021-11-02 00:00:00-04:00,3845.60009765625,3859.400146484375,3670.800048828125,3827.2001953125,3526
2021-11-03 00:00:00-04:00,3818.0,3988.2001953125,3794.080078125,3896.2001953125,3832
2021-11-04 00:00:00-04:00,3946.800048828125,3977.39013671875,3804.2001953125,3836.400146484375,2513
2021-11-05 00:00:00-04:00,3873.2001953125,4006.60009765625,3824.6240234375,3937.60009765625,4625
2021-11-08 00:00:00-05:00,4052.60009765625,4264.2001953125,4002.276123046875,4176.80029296875,8438
2021-11-09 00:00:00-05:00,4310.2001953125,4314.80029296875,3826.694091796875,3914.60009765625,6653
2021-11-10 00:00:00-05:00,3785.800048828125,4043.9521484375,3634.0,3703.0,7245
2021-11-11 00:00:00-05:00,3795.0,3953.838134765625,3689.66015625,3905.400146484375,4159
2021-11-12 00:00:00-05:00,4002.0,4029.60009765625,3887.0,3951.400146484375,2811
2021-11-15 00:00:00-05:00,3942.2001953125,3960.60009765625,3758.2001953125,3887.0,4988
2021-11-16 00:00:00-05:00,3946.800048828125,4853.0,3910.0,4807.0,43639
2021-11-17 00:00:00-05:00,5520.0,5814.39990234375,4627.60009765625,4968.0,153669
2021-11-18 00:00:00-05:00,4761.0,4871.39990234375,4186.4599609375,4457.39990234375,29621
2021-11-19 00:00:00-05:00,4572.998046875,4724.2001953125,4503.39990234375,4609.2001953125,14909
2021-11-22 00:00:00-05:00,4646.0,5446.39990234375,4613.80029296875,5257.80029296875,50518
2021-11-23 00:00:00-05:00,5193.39990234375,5336.0,4793.2001953125,5308.39990234375,25148
2021-11-24 00:00:00-05:00,5133.60009765625,5722.39990234375,5115.2001953125,5694.80029296875,30890
2021-11-26 00:00:00-05:00,5244.0,5660.30029296875,5198.0,5621.2001953125,14980
2021-11-29 00:00:00-05:00,5750.0,6141.0,5455.60009765625,5929.39990234375,31632
2021-11-30 00:00:00-05:00,5814.8603515625,5851.2001953125,5244.0,5506.2001953125,23780
2021-12-01 00:00:00-05:00,5630.39990234375,5713.2001953125,5083.0,5202.60009765625,14660
2021-12-02 00:00:00-05:00,4981.80029296875,5294.60009765625,4820.80029296875,5244.0,18179
2021-12-03 00:00:00-05:00,5175.0,5216.39990234375,4641.39990234375,4687.39990234375,14272
2021-12-06 00:00:00-05:00,4517.2001953125,4720.01416015625,4259.60009765625,4462.0,11769
2021-12-07 00:00:00-05:00,4655.66015625,4705.80029296875,4524.10009765625,4572.39990234375,7244
2021-12-08 00:00:00-05:00,4600.0,4820.80029296875,4489.60009765625,4678.2001953125,5764
2021-12-09 00:00:00-05:00,4600.0,4655.2001953125,4328.60009765625,4342.39990234375,6731
2021-12-10 00:00:00-05:00,4379.2001953125,4526.39990234375,4271.10009765625,4305.60009765625,6436
2021-12-13 00:00:00-05:00,4305.60009765625,4383.80029296875,4087.10009765625,4176.80029296875,8208
2021-12-14 00:00:00-05:00,4029.60009765625,4140.0,3859.400146484375,3974.400146484375,8691
2021-12-15 00:00:00-05:00,3969.7080078125,4034.2001953125,3712.2001953125,3974.400146484375,9429
2021-12-16 00:00:00-05:00,4227.39990234375,4356.2001953125,3847.900146484375,3873.2001953125,14404
2021-12-17 00:00:00-05:00,3877.800048828125,4211.30029296875,3716.800048828125,4112.39990234375,10223
2021-12-20 00:00:00-05:00,3928.400146484375,4013.5,3818.0,3887.0,5683
2021-12-21 00:00:00-05:00,3923.800048828125,3956.0,3735.2001953125,3919.2001953125,6903
2021-12-22 00:00:00-05:00,3919.2001953125,4013.5,3772.0,3845.60009765625,5543
2021-12-23 00:00:00-05:00,3841.0,3992.800048828125,3735.2001953125,3914.60009765625,5216
2021-12-27 00:00:00-05:00,3896.2001953125,3928.400146484375,3788.10009765625,3836.400146484375,5554
2021-12-28 00:00:00-05:00,3785.800048828125,3868.60009765625,3657.0,3680.0,6261
2021-12-29 00:00:00-05:00,3675.400146484375,3689.199951171875,3482.199951171875,3523.60009765625,6291
2021-12-30 00:00:00-05:00,3523.60009765625,3806.5,3491.400146484375,3726.0,12014
2021-12-31 00:00:00-05:00,3707.60009765625,3788.10009765625,3544.300048828125,3551.199951171875,5013
2022-01-03 00:00:00-05:00,3652.400146484375,3790.400146484375,3611.0,3730.60009765625,5506
2022-01-04 00:00:00-05:00,3758.2001953125,3780.18798828125,3473.0,3565.0,7127
2022-01-05 00:00:00-05:00,3565.0,3622.5,3279.800048828125,3353.400146484375,9297
2022-01-06 00:00:00-05:00,3417.800048828125,3417.800048828125,3192.400146484375,3210.800048828125,9374
2022-01-07 00:00:00-05:00,3229.199951171875,3371.800048828125,3174.0,3220.0,5995
2022-01-10 00:00:00-05:00,3192.400146484375,3224.553955078125,3017.60009765625,3151.0,7503
2022-01-11 00:00:00-05:00,3146.400146484375,3394.800048828125,3091.199951171875,3335.0,6370
2022-01-12 00:00:00-05:00,3358.0,3408.60009765625,3270.60009765625,3293.60009765625,3060
2022-01-13 00:00:00-05:00,3307.400146484375,3335.0,3128.0,3155.60009765625,4645
2022-01-14 00:00:00-05:00,3151.0,3217.699951171875,2999.199951171875,3100.400146484375,6012
2022-01-18 00:00:00-05:00,3041.796142578125,3061.300048828125,2893.400146484375,2898.0,7213
2022-01-19 00:00:00-05:00,2939.400146484375,2950.6240234375,2764.60009765625,2769.199951171875,6970
2022-01-20 00:00:00-05:00,2842.800048828125,2921.0,2711.699951171875,2727.800048828125,6222
2022-01-21 00:00:00-05:00,2746.199951171875,2755.400146484375,2548.400146484375,2548.400146484375,12935
2022-01-24 00:00:00-05:00,2518.362060546875,2608.199951171875,2286.199951171875,2589.800048828125,13750
2022-01-25 00:00:00-05:00,2520.800048828125,2642.699951171875,2419.60009765625,2580.60009765625,7329
2022-01-26 00:00:00-05:00,2720.900146484375,2921.920166015625,2635.800048828125,2654.199951171875,11350
2022-01-27 00:00:00-05:00,2690.080078125,2691.0,2392.0,2424.199951171875,9161
2022-01-28 00:00:00-05:00,2424.199951171875,2486.300048828125,2313.800048828125,2479.400146484375,7136
2022-01-31 00:00:00-05:00,2507.0,2824.400146484375,2497.800048828125,2815.199951171875,6580
2022-02-01 00:00:00-05:00,2838.199951171875,2971.60009765625,2778.400146484375,2911.800048828125,5992
2022-02-02 00:00:00-05:00,2930.199951171875,2930.199951171875,2658.800048828125,2732.400146484375,6528
2022-02-03 00:00:00-05:00,2668.0,2732.906005859375,2585.199951171875,2585.199951171875,4646
2022-02-04 00:00:00-05:00,2603.60009765625,2746.199951171875,2553.0,2691.0,5016
2022-02-07 00:00:00-05:00,2709.400146484375,2831.300048828125,2658.800048828125,2691.0,3688
2022-02-08 00:00:00-05:00,2691.0,2846.93994140625,2658.800048828125,2824.400146484375,4136
2022-02-09 00:00:00-05:00,2861.199951171875,2916.400146484375,2787.553955078125,2916.400146484375,4086
2022-02-10 00:00:00-05:00,2796.800048828125,2962.400146484375,2753.10009765625,2783.0,4916
2022-02-11 00:00:00-05:00,2787.60009765625,2865.800048828125,2649.60009765625,2691.0,5847
2022-02-14 00:00:00-05:00,2668.0,2925.60009765625,2654.199951171875,2737.0,9807
2022-02-15 00:00:00-05:00,2801.400146484375,2895.699951171875,2760.0,2861.199951171875,4281
2022-02-16 00:00:00-05:00,2838.199951171875,2888.800048828125,2787.64599609375,2875.0,3719
2022-02-17 00:00:00-05:00,2810.60009765625,2953.199951171875,2760.0,2769.199951171875,4985
2022-02-18 00:00:00-05:00,2806.22998046875,2819.01806640625,2580.60009765625,2617.400146484375,5068
2022-02-22 00:00:00-05:00,2577.426025390625,2656.5,2440.300048828125,2479.400146484375,5674
2022-02-23 00:00:00-05:00,2543.800048828125,2562.199951171875,2355.199951171875,2359.800048828125,4369
2022-02-24 00:00:00-05:00,2263.199951171875,2626.60009765625,2254.0,2617.400146484375,6212
2022-02-25 00:00:00-05:00,2658.800048828125,2674.900146484375,2511.60009765625,2645.0,5493
2022-02-28 00:00:00-05:00,2631.199951171875,2686.35400390625,2548.400146484375,2640.400146484375,6720
2022-03-01 00:00:00-05:00,2442.60009765625,2658.800048828125,2442.60009765625,2516.199951171875,8081
2022-03-02 00:00:00-05:00,2557.60009765625,2578.300048828125,2428.800048828125,2571.400146484375,4515
2022-03-03 00:00:00-05:00,2571.400146484375,2585.154052734375,2350.60009765625,2405.800048828125,6079
2022-03-04 00:00:00-05:00,2392.0,2438.0,2221.800048828125,2258.60009765625,6837
2022-03-07 00:00:00-05:00,2277.0,2378.199951171875,2249.400146484375,2277.0,4830
2022-03-08 00:00:00-05:00,2281.60009765625,2415.0,2212.60009765625,2318.400146484375,5690
2022-03-09 00:00:00-05:00,2433.400146484375,2691.0,2410.400146484375,2686.400146484375,8654
2022-03-10 00:00:00-05:00,2580.60009765625,2674.900146484375,2526.4580078125,2672.60009765625,4031
2022-03-11 00:00:00-05:00,2700.199951171875,2704.800048828125,2516.199951171875,2626.60009765625,3784
2022-03-14 00:00:00-04:00,2553.0,2557.60009765625,2369.0,2382.800048828125,6265
2022-03-15 00:00:00-04:00,2410.400146484375,2580.60009765625,2346.0,2562.199951171875,5375
2022-03-16 00:00:00-04:00,2612.800048828125,2681.800048828125,2527.699951171875,2649.60009765625,4988
2022-03-17 00:00:00-04:00,2626.60009765625,2727.800048828125,2576.552001953125,2700.199951171875,3519
2022-03-18 00:00:00-04:00,2686.400146484375,2856.232177734375,2682.260009765625,2792.199951171875,5550
2022-03-21 00:00:00-04:00,2806.0,2806.0,2642.699951171875,2700.199951171875,3847
2022-03-22 00:00:00-04:00,2718.60009765625,2796.800048828125,2672.60009765625,2750.800048828125,4207
2022-03-23 00:00:00-04:00,2700.199951171875,2746.798095703125,2622.0,2658.800048828125,3842
2022-03-24 00:00:00-04:00,2727.800048828125,2806.0,2649.60009765625,2741.60009765625,4431
2022-03-25 00:00:00-04:00,2718.60009765625,2741.60009765625,2497.800048828125,2539.199951171875,5294
2022-03-28 00:00:00-04:00,2608.199951171875,2608.199951171875,2461.0,2562.199951171875,4044
2022-03-29 00:00:00-04:00,2617.400146484375,2783.0,2603.60009765625,2769.199951171875,8754
2022-03-30 00:00:00-04:00,2750.800048828125,2815.199951171875,2656.5,2686.400146484375,5553
2022-03-31 00:00:00-04:00,2709.400146484375,2718.60009765625,2539.199951171875,2539.199951171875,4596
2022-04-01 00:00:00-04:00,2599.0,2599.0,2493.199951171875,2497.800048828125,5140
2022-04-04 00:00:00-04:00,2534.60009765625,2875.0,2511.60009765625,2847.400146484375,9150
2022-04-05 00:00:00-04:00,2847.400146484375,2870.400146484375,2645.0,2668.0,5787
2022-04-06 00:00:00-04:00,2612.800048828125,2622.0,2493.199951171875,2562.199951171875,4911
2022-04-07 00:00:00-04:00,2553.0,2580.60009765625,2421.900146484375,2479.400146484375,3582
2022-04-08 00:00:00-04:00,2507.0,2507.0,2415.0,2415.0,2989
2022-04-11 00:00:00-04:00,2382.800048828125,2470.199951171875,2336.800048828125,2382.800048828125,2835
2022-04-12 00:00:00-04:00,2442.60009765625,2516.199951171875,2323.0,2332.199951171875,2868
2022-04-13 00:00:00-04:00,2378.199951171875,2415.0,2302.300048828125,2373.60009765625,6594
2022-04-14 00:00:00-04:00,2350.60009765625,2369.0,2277.0,2295.400146484375,5494
2022-04-18 00:00:00-04:00,2295.400146484375,2318.400146484375,2221.800048828125,2240.199951171875,4746
2022-04-19 00:00:00-04:00,2249.400146484375,2350.60009765625,2166.60009765625,2318.400146484375,3247
2022-04-20 00:00:00-04:00,2323.0,2330.912109375,2221.800048828125,2249.400146484375,2617
2022-04-21 00:00:00-04:00,2300.0,2392.0,2162.0,2166.60009765625,5013
2022-04-22 00:00:00-04:00,2157.400146484375,2300.0,2120.60009765625,2277.0,4907
2022-04-25 00:00:00-04:00,2254.0,2419.60009765625,2251.699951171875,2382.800048828125,3982
2022-04-26 00:00:00-04:00,2346.0,2355.24609375,2205.699951171875,2295.400146484375,4806
2022-04-27 00:00:00-04:00,2318.400146484375,2346.0,2221.800048828125,2240.199951171875,3971
2022-04-28 00:00:00-04:00,2258.60009765625,2325.300048828125,2208.0,2309.199951171875,2877
2022-04-29 00:00:00-04:00,2304.60009765625,2336.800048828125,2198.800048828125,2208.0,2519
2022-05-02 00:00:00-04:00,2198.800048828125,2249.491943359375,2148.199951171875,2231.0,3201
2022-05-03 00:00:00-04:00,2208.0,2267.800048828125,2159.699951171875,2185.0,2290
2022-05-04 00:00:00-04:00,2180.400146484375,2277.0,2102.199951171875,2258.60009765625,3984
2022-05-05 00:00:00-04:00,2212.60009765625,2237.900146484375,2030.9000244140625,2065.400146484375,4598
2022-05-06 00:00:00-04:00,2042.4000244140625,2116.0,1959.60009765625,2056.199951171875,4048
2022-05-09 00:00:00-04:00,1978.0,2026.300048828125,1748.0,1750.300048828125,7884
2022-05-10 00:00:00-04:00,1849.2000732421875,1850.488037109375,1596.2000732421875,1660.5999755859375,7010
2022-05-11 00:00:00-04:00,1545.5999755859375,1582.4000244140625,1278.800048828125,1283.4000244140625,15917
2022-05-12 00:00:00-04:00,1173.0,1393.800048828125,1173.0,1380.0,9681
2022-05-13 00:00:00-04:00,1449.0,1577.800048828125,1403.0,1508.800048828125,5640
2022-05-16 00:00:00-04:00,1577.800048828125,1656.0,1499.5999755859375,1531.800048828125,11848
2022-05-17 00:00:00-04:00,1633.0,1688.2000732421875,1536.4000244140625,1651.4000244140625,6230
2022-05-18 00:00:00-04:00,1637.5999755859375,1711.2000732421875,1541.0,1554.800048828125,3783
2022-05-19 00:00:00-04:00,1536.4000244140625,1715.800048828125,1531.800048828125,1674.4000244140625,6647
2022-05-20 00:00:00-04:00,1688.2000732421875,1711.7979736328125,1504.2000732421875,1554.800048828125,4070
2022-05-23 00:00:00-04:00,1582.4000244140625,1587.0,1472.0,1490.4000244140625,4131
2022-05-24 00:00:00-04:00,1476.5999755859375,1490.4000244140625,1384.5999755859375,1426.0,4713
2022-05-25 00:00:00-04:00,1421.4000244140625,1485.800048828125,1393.800048828125,1462.800048828125,3241
2022-05-26 00:00:00-04:00,1462.800048828125,1577.800048828125,1435.2000732421875,1531.800048828125,3823
2022-05-27 00:00:00-04:00,1573.2000732421875,1644.5,1552.5,1619.2000732421875,3054
2022-05-31 00:00:00-04:00,1614.5999755859375,1619.2000732421875,1522.5999755859375,1541.0,9174
2022-06-01 00:00:00-04:00,1545.5999755859375,1591.5999755859375,1508.800048828125,1531.800048828125,3242
2022-06-02 00:00:00-04:00,1559.4000244140625,1637.5999755859375,1513.4000244140625,1568.5999755859375,2554
2022-06-03 00:00:00-04:00,1550.2000732421875,1550.2000732421875,1462.800048828125,1527.2000732421875,2799
2022-06-06 00:00:00-04:00,1559.4000244140625,1582.4000244140625,1458.2000732421875,1462.800048828125,2974
2022-06-07 00:00:00-04:00,1467.4000244140625,1484.696044921875,1416.800048828125,1476.5999755859375,2478
2022-06-08 00:00:00-04:00,1462.800048828125,1610.552001953125,1462.800048828125,1559.4000244140625,2697
2022-06-09 00:00:00-04:00,1559.4000244140625,1559.4000244140625,1472.0,1476.5999755859375,1740
2022-06-10 00:00:00-04:00,1449.0,1488.0999755859375,1398.4000244140625,1403.0,2079
2022-06-13 00:00:00-04:00,1357.0,1400.7000732421875,1255.800048828125,1278.800048828125,6189
2022-06-14 00:00:00-04:00,1292.5999755859375,1306.4000244140625,1205.2000732421875,1209.800048828125,4847
2022-06-15 00:00:00-04:00,1219.0,1304.468017578125,1191.4000244140625,1269.5999755859375,7106
2022-06-16 00:00:00-04:00,1209.800048828125,1232.800048828125,1163.800048828125,1177.5999755859375,4874
2022-06-17 00:00:00-04:00,1177.5999755859375,1177.5999755859375,1177.5999755859375,1177.5999755859375,0
2022-06-21 00:00:00-04:00,1131.5999755859375,1311.0,1120.0999755859375,1196.0,15460
2022-06-22 00:00:00-04:00,1145.4000244140625,1209.800048828125,1048.800048828125,1062.5999755859375,14607
2022-06-23 00:00:00-04:00,1085.5999755859375,1099.4000244140625,1012.0,1030.4000244140625,11884
2022-06-24 00:00:00-04:00,1035.0,1085.5999755859375,1012.0,1025.800048828125,14183
2022-06-27 00:00:00-04:00,1035.0,1039.5999755859375,961.4000244140625,979.800048828125,8808
2022-06-28 00:00:00-04:00,970.6000366210938,1025.800048828125,929.2000122070312,938.4000244140625,6559
2022-06-29 00:00:00-04:00,933.7999877929688,938.4000244140625,878.6000366210938,933.7999877929688,17141
2022-06-30 00:00:00-04:00,906.2000122070312,922.2999877929688,846.4000244140625,851.0,8336
2022-07-01 00:00:00-04:00,855.6000366210938,887.7999877929688,821.1000366210938,864.7999877929688,6071
2022-07-05 00:00:00-04:00,864.7999877929688,998.2000122070312,805.0,989.0,13562
2022-07-06 00:00:00-04:00,984.4000244140625,1025.800048828125,952.2000122070312,984.4000244140625,5391
2022-07-07 00:00:00-04:00,993.6000366210938,1173.0,972.9000244140625,1117.800048828125,11082
2022-07-08 00:00:00-04:00,1117.800048828125,1311.0,1076.4000244140625,1186.800048828125,10618
2022-07-11 00:00:00-04:00,1242.0,1242.0,1058.0,1090.2000732421875,5343
2022-07-12 00:00:00-04:00,2139.0,2300.0,1646.800048828125,1669.800048828125,378215
2022-07-13 00:00:00-04:00,1688.2000732421875,1706.5999755859375,1499.5999755859375,1642.2000732421875,78152
2022-07-14 00:00:00-04:00,1794.0,2300.0,1706.5999755859375,2120.60009765625,401967
2022-07-15 00:00:00-04:00,2106.800048828125,2129.800048828125,1918.2000732421875,1968.800048828125,121517
2022-07-18 00:00:00-04:00,1959.60009765625,1968.800048828125,1784.800048828125,1821.5999755859375,63909
2022-07-19 00:00:00-04:00,1863.0,1904.4000244140625,1799.1519775390625,1840.0,38318
2022-07-20 00:00:00-04:00,1853.800048828125,1991.800048828125,1821.5999755859375,1904.4000244140625,42260
2022-07-21 00:00:00-04:00,1872.2000732421875,1876.800048828125,1798.5999755859375,1863.0,23781
2022-07-22 00:00:00-04:00,1835.4000244140625,1913.60009765625,1676.7000732421875,1771.0,24633
2022-07-25 00:00:00-04:00,1752.5999755859375,1752.5999755859375,1614.5999755859375,1706.5999755859375,15214
2022-07-26 00:00:00-04:00,1646.800048828125,1683.5540771484375,1596.2000732421875,1610.0,14804
2022-07-27 00:00:00-04:00,1646.800048828125,1660.5999755859375,1545.5999755859375,1656.0,11686
2022-07-28 00:00:00-04:00,1651.4000244140625,1711.2000732421875,1628.4000244140625,1646.800048828125,15390
2022-07-29 00:00:00-04:00,1626.0999755859375,1651.4000244140625,1578.719970703125,1591.5999755859375,10519
2022-08-01 00:00:00-04:00,1605.4000244140625,1647.7200927734375,1568.5999755859375,1573.2000732421875,9802
2022-08-02 00:00:00-04:00,1545.64599609375,1748.0,1531.800048828125,1660.5999755859375,15239
2022-08-03 00:00:00-04:00,1674.4000244140625,1729.5999755859375,1637.5999755859375,1720.4000244140625,11063
2022-08-04 00:00:00-04:00,1697.4000244140625,1812.35400390625,1628.4000244140625,1642.2000732421875,14847
2022-08-05 00:00:00-04:00,1646.800048828125,1715.800048828125,1587.0,1702.0,10493
2022-08-08 00:00:00-04:00,1775.5999755859375,1927.4000244140625,1743.4000244140625,1812.4000244140625,34035
2022-08-09 00:00:00-04:00,1695.0999755859375,1695.0999755859375,1467.4000244140625,1568.5999755859375,28911
2022-08-10 00:00:00-04:00,1600.800048828125,1651.4000244140625,1531.800048828125,1651.4000244140625,12439
2022-08-11 00:00:00-04:00,1679.0,1987.2000732421875,1665.2000732421875,1729.5999755859375,38994
2022-08-12 00:00:00-04:00,1734.2000732421875,1968.800048828125,1660.5999755859375,1968.800048828125,30803
2022-08-15 00:00:00-04:00,1920.5,2019.4000244140625,1771.0,1821.5999755859375,19452
2022-08-16 00:00:00-04:00,1835.4000244140625,1863.0,1738.800048828125,1821.5999755859375,18575
2022-08-17 00:00:00-04:00,1803.2000732421875,1945.800048828125,1766.4000244140625,1798.5999755859375,29196
2022-08-18 00:00:00-04:00,1840.0,1844.5999755859375,1702.0,1752.5999755859375,13020
2022-08-19 00:00:00-04:00,1688.2000732421875,1731.9000244140625,1619.2000732421875,1683.5999755859375,11209
2022-08-22 00:00:00-04:00,1646.800048828125,1660.5999755859375,1591.5999755859375,1651.4000244140625,8536
2022-08-23 00:00:00-04:00,1651.4000244140625,1706.5999755859375,1536.4000244140625,1550.2000732421875,16895
2022-08-24 00:00:00-04:00,1550.2000732421875,1720.4000244140625,1531.800048828125,1679.0,10121
2022-08-25 00:00:00-04:00,1688.2000732421875,1738.800048828125,1679.0,1706.5999755859375,5464
2022-08-26 00:00:00-04:00,1715.800048828125,1738.248046875,1596.2000732421875,1605.4000244140625,7960
2022-08-29 00:00:00-04:00,1577.800048828125,1651.4000244140625,1522.5999755859375,1527.2000732421875,9686
2022-08-30 00:00:00-04:00,1536.4000244140625,1545.5999755859375,1389.2000732421875,1426.0,13896
2022-08-31 00:00:00-04:00,1426.0,1476.5999755859375,1405.300048828125,1467.4000244140625,8545
2022-09-01 00:00:00-04:00,1421.4000244140625,1430.5999755859375,1338.5999755859375,1384.5999755859375,11720
2022-09-02 00:00:00-04:00,1389.2000732421875,1393.800048828125,1311.0,1329.4000244140625,10556
2022-09-06 00:00:00-04:00,1352.4000244140625,1361.5999755859375,1242.0,1274.2000732421875,9599
2022-09-07 00:00:00-04:00,1246.5999755859375,1306.35400390625,1200.5999755859375,1246.5999755859375,10482
2022-09-08 00:00:00-04:00,1196.0,1274.2000732421875,1191.4000244140625,1232.800048828125,7850
2022-09-09 00:00:00-04:00,1251.2000732421875,1278.800048828125,1232.800048828125,1242.0,8392
2022-09-12 00:00:00-04:00,1255.800048828125,1285.7000732421875,1196.0,1246.5999755859375,12089
2022-09-13 00:00:00-04:00,1186.800048828125,1237.4000244140625,1163.800048828125,1173.0,11112
2022-09-14 00:00:00-04:00,1168.4000244140625,1196.0,1122.4000244140625,1196.0,11375
2022-09-15 00:00:00-04:00,1219.0,1343.2000732421875,1196.0,1288.0,28055
2022-09-16 00:00:00-04:00,1251.2000732421875,1271.9000244140625,1140.800048828125,1152.300048828125,21396
2022-09-19 00:00:00-04:00,1140.800048828125,1168.4000244140625,1104.0,1150.0,8921
2022-09-20 00:00:00-04:00,1122.4000244140625,1136.2000732421875,1062.5999755859375,1071.800048828125,10764
2022-09-21 00:00:00-04:00,1076.4000244140625,1154.5999755859375,1062.5999755859375,1104.0,8133
2022-09-22 00:00:00-04:00,1090.2000732421875,1110.9000244140625,989.0,1035.0,12933
2022-09-23 00:00:00-04:00,1002.800048828125,1030.4000244140625,984.4000244140625,1021.2000122070312,7730
2022-09-26 00:00:00-04:00,1012.0,1060.300048828125,933.7999877929688,938.4000244140625,12071
2022-09-27 00:00:00-04:00,952.2000122070312,989.0,924.6000366210938,933.7999877929688,13070
2022-09-28 00:00:00-04:00,933.7999877929688,984.4000244140625,910.7999877929688,970.6000366210938,10721
2022-09-29 00:00:00-04:00,920.0,938.4000244140625,864.7999877929688,910.7999877929688,14689
2022-09-30 00:00:00-04:00,897.0,913.1000366210938,860.2000122070312,862.5,8490
2022-10-03 00:00:00-04:00,864.7999877929688,867.1000366210938,814.2000122070312,846.4000244140625,9989
2022-10-04 00:00:00-04:00,864.7999877929688,897.0,846.4000244140625,860.2000122070312,16684
2022-10-05 00:00:00-04:00,851.0,857.9000244140625,777.4000244140625,795.7999877929688,19337
2022-10-06 00:00:00-04:00,786.6000366210938,807.2999877929688,745.2000122070312,745.2000122070312,14483
2022-10-07 00:00:00-04:00,736.0,749.7999877929688,680.7999877929688,690.0,14772
2022-10-10 00:00:00-04:00,717.6000366210938,717.6000366210938,625.6000366210938,630.2000122070312,12477
2022-10-11 00:00:00-04:00,648.6000366210938,669.2999877929688,611.7999877929688,625.6000366210938,26804
2022-10-12 00:00:00-04:00,634.7999877929688,657.7999877929688,618.7000122070312,639.4000244140625,17060
2022-10-13 00:00:00-04:00,616.4000244140625,648.6000366210938,593.4000244140625,630.2000122070312,16340
2022-10-14 00:00:00-04:00,644.0,648.6000366210938,588.7999877929688,593.4000244140625,11923
2022-10-17 00:00:00-04:00,641.7000122070312,726.7999877929688,621.0,667.0,53836
2022-10-18 00:00:00-04:00,740.6000366210938,740.6000366210938,644.0,671.6000366210938,47016
2022-10-19 00:00:00-04:00,657.7999877929688,667.0,639.4000244140625,653.2000122070312,14677
2022-10-20 00:00:00-04:00,648.6000366210938,667.0,625.6000366210938,634.7999877929688,12853
2022-10-21 00:00:00-04:00,616.4000244140625,644.0,602.6000366210938,637.1000366210938,10660
2022-10-24 00:00:00-04:00,630.2000122070312,648.5540161132812,598.0,625.6000366210938,12045
2022-10-25 00:00:00-04:00,634.7999877929688,676.2000122070312,625.6000366210938,648.6000366210938,29582
2022-10-26 00:00:00-04:00,671.6000366210938,708.4000244140625,644.0,648.6000366210938,27959
2022-10-27 00:00:00-04:00,667.0,671.6000366210938,630.2000122070312,634.7999877929688,9802
2022-10-28 00:00:00-04:00,639.4000244140625,644.0,598.0,634.7999877929688,10429
2022-10-31 00:00:00-04:00,644.0,648.6000366210938,621.0,630.2000122070312,11486
2022-11-01 00:00:00-04:00,648.6000366210938,653.2000122070312,625.6000366210938,630.2000122070312,12587
2022-11-02 00:00:00-04:00,644.0,644.0,607.2000122070312,607.2000122070312,12521
2022-11-03 00:00:00-04:00,602.6000366210938,630.2000122070312,598.0,611.7999877929688,11116
2022-11-04 00:00:00-04:00,625.6000366210938,639.4000244140625,593.4000244140625,607.2000122070312,11528
2022-11-07 00:00:00-05:00,621.0,621.0,593.4000244140625,607.2000122070312,12072
2022-11-08 00:00:00-05:00,611.7999877929688,625.6000366210938,584.2000122070312,600.2999877929688,12997
2022-11-09 00:00:00-05:00,584.2000122070312,588.7999877929688,533.6000366210938,538.2000122070312,20168
2022-11-10 00:00:00-05:00,602.6000366210938,607.2000122070312,542.7999877929688,556.6000366210938,49561
2022-11-11 00:00:00-05:00,565.7999877929688,759.0,538.2000122070312,726.7999877929688,79308
2022-11-14 00:00:00-05:00,768.2000122070312,772.7999877929688,653.2000122070312,701.5,58761
2022-11-15 00:00:00-05:00,717.6000366210938,736.0,671.6000366210938,676.2000122070312,27703
2022-11-16 00:00:00-05:00,671.6000366210938,680.7999877929688,607.2000122070312,611.7999877929688,24518
2022-11-17 00:00:00-05:00,593.4000244140625,598.0,565.8460083007812,575.0,19307
2022-11-18 00:00:00-05:00,588.7999877929688,591.1000366210938,556.6000366210938,570.4000244140625,20241
2022-11-21 00:00:00-05:00,561.2000122070312,570.4000244140625,524.4000244140625,533.6000366210938,22213
2022-11-22 00:00:00-05:00,515.2000122070312,519.7999877929688,469.20001220703125,485.3000183105469,28216
2022-11-23 00:00:00-05:00,487.6000061035156,506.0,487.6000061035156,496.8000183105469,16417
2022-11-25 00:00:00-05:00,584.2000122070312,588.7999877929688,515.2000122070312,519.7999877929688,37400
2022-11-28 00:00:00-05:00,542.7999877929688,575.0,529.0,542.7999877929688,33309
2022-11-29 00:00:00-05:00,565.7999877929688,579.6000366210938,547.4000244140625,570.4000244140625,18567
2022-11-30 00:00:00-05:00,588.7999877929688,616.4000244140625,561.2000122070312,616.4000244140625,37777
2022-12-01 00:00:00-05:00,653.2000122070312,683.1000366210938,611.7999877929688,634.7999877929688,34781
2022-12-02 00:00:00-05:00,630.2000122070312,680.6160278320312,589.489990234375,662.4000244140625,32794
2022-12-05 00:00:00-05:00,662.4000244140625,676.2000122070312,639.4000244140625,644.0,19807
2022-12-06 00:00:00-05:00,644.0,653.2000122070312,579.6000366210938,621.0,18468
2022-12-07 00:00:00-05:00,598.0,639.4000244140625,584.2000122070312,630.2000122070312,13012
2022-12-08 00:00:00-05:00,630.2000122070312,646.2999877929688,602.6000366210938,616.4000244140625,14308
2022-12-09 00:00:00-05:00,611.7999877929688,632.5,579.6000366210938,588.7999877929688,15673
2022-12-12 00:00:00-05:00,598.0,607.2000122070312,584.2000122070312,588.7999877929688,14328
2022-12-13 00:00:00-05:00,616.4000244140625,630.2000122070312,575.0,588.7999877929688,17004
2022-12-14 00:00:00-05:00,593.4000244140625,602.6000366210938,542.7999877929688,556.6000366210938,26764
2022-12-15 00:00:00-05:00,542.7999877929688,584.2000122070312,533.6000366210938,579.6000366210938,22997
2022-12-16 00:00:00-05:00,570.4000244140625,584.2000122070312,542.7999877929688,565.7999877929688,32990
2022-12-19 00:00:00-05:00,556.6000366210938,565.7999877929688,538.2000122070312,561.2000122070312,13218
2022-12-20 00:00:00-05:00,542.7999877929688,561.2000122070312,529.0,538.2000122070312,15708
2022-12-21 00:00:00-05:00,538.2000122070312,570.4000244140625,515.2000122070312,556.6000366210938,12642
2022-12-22 00:00:00-05:00,538.2000122070312,547.4000244140625,496.8000183105469,515.2000122070312,17405
2022-12-23 00:00:00-05:00,515.2000122070312,533.6000366210938,506.0,533.6000366210938,11168
2022-12-27 00:00:00-05:00,533.6000366210938,533.6000366210938,478.3999938964844,487.6000061035156,19058
2022-12-28 00:00:00-05:00,492.20001220703125,501.4000244140625,487.6000061035156,492.20001220703125,10719
2022-12-29 00:00:00-05:00,501.4000244140625,561.2000122070312,478.3999938964844,561.2000122070312,34909
2022-12-30 00:00:00-05:00,556.6000366210938,611.7999877929688,538.2000122070312,565.7999877929688,20149
2023-01-03 00:00:00-05:00,584.2000122070312,588.7999877929688,542.7999877929688,575.0,13286
2023-01-04 00:00:00-05:00,579.6000366210938,588.7999877929688,556.6000366210938,570.4000244140625,11810
2023-01-05 00:00:00-05:00,552.0,556.6000366210938,524.4000244140625,538.2000122070312,12204
2023-01-06 00:00:00-05:00,506.0,533.6000366210938,496.8000183105469,501.4000244140625,16019
2023-01-09 00:00:00-05:00,510.6000061035156,519.7999877929688,492.20001220703125,496.8000183105469,21978
2023-01-10 00:00:00-05:00,506.0,510.6000061035156,492.20001220703125,506.0,10826
2023-01-11 00:00:00-05:00,510.6000061035156,561.2000122070312,506.0,547.4000244140625,18998
2023-01-12 00:00:00-05:00,547.4000244140625,602.6000366210938,533.6000366210938,598.0,19312
2023-01-13 00:00:00-05:00,575.0,630.2000122070312,575.0,616.4000244140625,17106
2023-01-17 00:00:00-05:00,621.0,634.7999877929688,588.7999877929688,611.7999877929688,14828
2023-01-18 00:00:00-05:00,611.7999877929688,621.0,588.7999877929688,607.2000122070312,13583
2023-01-19 00:00:00-05:00,588.7999877929688,593.4000244140625,556.6000366210938,584.2000122070312,8609
2023-01-20 00:00:00-05:00,593.4000244140625,598.0,565.7999877929688,570.4000244140625,14943
2023-01-23 00:00:00-05:00,575.0,616.4000244140625,561.2000122070312,611.7999877929688,21684
2023-01-24 00:00:00-05:00,602.6000366210938,621.0,579.6000366210938,584.2000122070312,11341
2023-01-25 00:00:00-05:00,644.0,648.6000366210938,570.4000244140625,575.0,72709
2023-01-26 00:00:00-05:00,593.4000244140625,598.0,524.4000244140625,547.4000244140625,48276
2023-01-27 00:00:00-05:00,538.2000122070312,676.2000122070312,529.0,634.7999877929688,77271
2023-01-30 00:00:00-05:00,607.2000122070312,607.2000122070312,561.2000122070312,561.2000122070312,37672
2023-01-31 00:00:00-05:00,565.7999877929688,570.4000244140625,547.4000244140625,552.0,26122
2023-02-01 00:00:00-05:00,538.2000122070312,561.2000122070312,506.0,556.6000366210938,69505
2023-02-02 00:00:00-05:00,563.5,602.6000366210938,552.0,556.6000366210938,57646
2023-02-03 00:00:00-05:00,547.4000244140625,588.7999877929688,538.2000122070312,575.0,30209
2023-02-06 00:00:00-05:00,460.0,524.4000244140625,454.5260009765625,503.70001220703125,179684
2023-02-07 00:00:00-05:00,501.4000244140625,506.0,460.0,473.8000183105469,82807
2023-02-08 00:00:00-05:00,478.3999938964844,496.8000183105469,464.6000061035156,483.0,44368
2023-02-09 00:00:00-05:00,483.0,487.6000061035156,432.3999938964844,441.64599609375,62689
2023-02-10 00:00:00-05:00,456.1360168457031,469.20001220703125,442.65802001953125,457.6080017089844,49634
2023-02-13 00:00:00-05:00,455.3999938964844,457.70001220703125,409.8600158691406,415.9320068359375,63229
2023-02-14 00:00:00-05:00,414.552001953125,432.1700134277344,400.6600036621094,431.11199951171875,63240
2023-02-15 00:00:00-05:00,424.947998046875,441.6000061035156,407.1000061035156,434.3320007324219,55741
2023-02-16 00:00:00-05:00,418.6000061035156,427.8000183105469,410.0899963378906,411.8840026855469,44115
2023-02-17 00:00:00-05:00,418.27801513671875,418.55401611328125,391.2300109863281,404.7539978027344,37159
2023-02-21 00:00:00-05:00,401.3500061035156,413.90802001953125,395.6000061035156,397.9460144042969,39647
2023-02-22 00:00:00-05:00,400.6600036621094,402.5,369.8860168457031,378.1199951171875,65749
2023-02-23 00:00:00-05:00,377.7980041503906,380.74200439453125,335.8000183105469,360.8240051269531,93152
2023-02-24 00:00:00-05:00,351.5320129394531,360.73199462890625,331.2919921875,335.6620178222656,56683
2023-02-27 00:00:00-05:00,335.2019958496094,340.3999938964844,319.92999267578125,322.13800048828125,72418
2023-02-28 00:00:00-05:00,326.6000061035156,349.50799560546875,319.2400207519531,344.30999755859375,69978
2023-03-01 00:00:00-05:00,345.41400146484375,345.41400146484375,323.24200439453125,328.16400146484375,43785
2023-03-02 00:00:00-05:00,326.6000061035156,330.8320007324219,308.20001220703125,318.1820068359375,44937
2023-03-03 00:00:00-05:00,322.0,351.8999938964844,317.3999938964844,341.5039978027344,56623
2023-03-06 00:00:00-05:00,340.3999938964844,352.406005859375,322.0,322.18402099609375,77926
2023-03-07 00:00:00-05:00,326.0480041503906,326.0480041503906,299.0,299.69000244140625,69548
2023-03-08 00:00:00-05:00,303.55401611328125,303.55401611328125,281.8420104980469,285.3380126953125,74864
2023-03-09 00:00:00-05:00,285.20001220703125,301.3000183105469,271.4460144042969,276.0,61458
2023-03-10 00:00:00-05:00,274.5740051269531,276.0,257.6920166015625,267.8580017089844,33810
2023-03-13 00:00:00-04:00,259.4859924316406,284.9700012207031,253.0,270.94000244140625,50271
2023-03-14 00:00:00-04:00,276.5979919433594,289.3399963378906,266.9380187988281,268.6400146484375,55420
2023-03-15 00:00:00-04:00,263.718017578125,266.8000183105469,249.36599731445312,260.4519958496094,51381
2023-03-16 00:00:00-04:00,251.16000366210938,275.9540100097656,251.16000366210938,271.3999938964844,83705
2023-03-17 00:00:00-04:00,266.9380187988281,271.76800537109375,255.52999877929688,269.60601806640625,94566
2023-03-20 00:00:00-04:00,269.4219970703125,295.32000732421875,266.84600830078125,294.9519958496094,54114
2023-03-21 00:00:00-04:00,308.20001220703125,325.3580017089844,300.3800048828125,320.8500061035156,49075
2023-03-22 00:00:00-04:00,316.802001953125,321.86199951171875,266.84600830078125,268.3179931640625,53959
2023-03-23 00:00:00-04:00,278.760009765625,280.6000061035156,257.6000061035156,258.05999755859375,31591
2023-03-24 00:00:00-04:00,265.8800048828125,273.9070129394531,253.0,269.83599853515625,26780
2023-03-27 00:00:00-04:00,269.468017578125,286.6719970703125,262.2919921875,267.0299987792969,24276
2023-03-28 00:00:00-04:00,267.0299987792969,272.7799987792969,261.9700012207031,268.0880126953125,25916
2023-03-29 00:00:00-04:00,268.22601318359375,286.30401611328125,268.22601318359375,283.26800537109375,27841
2023-03-30 00:00:00-04:00,289.5240173339844,303.416015625,285.614013671875,286.58001708984375,41185
2023-03-31 00:00:00-04:00,282.3479919433594,307.0500183105469,271.4460144042969,300.1960144042969,42541
2023-04-03 00:00:00-04:00,319.3320007324219,320.80401611328125,277.1960144042969,285.1080017089844,43720
2023-04-04 00:00:00-04:00,285.20001220703125,287.36199951171875,268.22601318359375,273.56201171875,20148
2023-04-05 00:00:00-04:00,271.5379943847656,276.0,249.4580078125,252.54000854492188,31724
2023-04-06 00:00:00-04:00,253.0,257.4620056152344,239.1540069580078,239.1999969482422,27909
2023-04-10 00:00:00-04:00,247.1580047607422,248.40000915527344,231.24200439453125,244.02999877929688,34608
2023-04-11 00:00:00-04:00,250.47000122070312,280.6000061035156,246.61520385742188,260.3600158691406,43392
2023-04-12 00:00:00-04:00,257.6000061035156,310.5,257.6000061035156,291.22601318359375,37845
2023-04-13 00:00:00-04:00,308.20001220703125,308.20001220703125,284.09600830078125,296.8840026855469,19202
2023-04-14 00:00:00-04:00,292.83599853515625,317.0320129394531,291.6400146484375,311.74200439453125,17963
2023-04-17 00:00:00-04:00,320.9880065917969,357.6960144042969,319.010009765625,343.4360046386719,56159
2023-04-18 00:00:00-04:00,358.3399963378906,358.3399963378906,322.0,330.4640197753906,33304
2023-04-19 00:00:00-04:00,317.4460144042969,354.06201171875,308.20001220703125,339.802001953125,40213
2023-04-20 00:00:00-04:00,334.7879943847656,363.35400390625,331.6600036621094,356.5920104980469,33121
2023-04-21 00:00:00-04:00,354.6600036621094,357.8800048828125,335.84600830078125,349.968017578125,20847
2023-04-24 00:00:00-04:00,345.0,349.6000061035156,313.7430114746094,323.9320068359375,30151
2023-04-25 00:00:00-04:00,319.97601318359375,351.85400390625,310.91400146484375,345.0,43014
2023-04-26 00:00:00-04:00,335.9380187988281,353.7400207519531,332.718017578125,342.70001220703125,27988
2023-04-27 00:00:00-04:00,344.90802001953125,354.20001220703125,336.260009765625,348.5419921875,29560
2023-04-28 00:00:00-04:00,349.6000061035156,357.4200134277344,337.6400146484375,347.3000183105469,22101
2023-05-01 00:00:00-04:00,347.1159973144531,359.5360107421875,343.25201416015625,353.4640197753906,22153
2023-05-02 00:00:00-04:00,349.6000061035156,363.35400390625,345.0,352.54400634765625,20536
2023-05-03 00:00:00-04:00,346.656005859375,371.2200012207031,346.656005859375,369.8399963378906,33138
2023-05-04 00:00:00-04:00,369.8399963378906,372.50799560546875,329.82000732421875,329.8659973144531,42811
2023-05-05 00:00:00-04:00,340.3999938964844,340.3999938964844,325.3580017089844,325.40399169921875,24026
2023-05-08 00:00:00-04:00,327.1520080566406,346.9320068359375,325.4960021972656,336.0760192871094,24470
2023-05-09 00:00:00-04:00,330.7860107421875,335.8000183105469,299.4599914550781,311.4200134277344,42072
2023-05-10 00:00:00-04:00,316.94000244140625,318.7799987792969,305.8999938964844,305.8999938964844,18547
2023-05-11 00:00:00-04:00,299.0,304.65802001953125,285.2460021972656,286.9020080566406,19605
2023-05-12 00:00:00-04:00,289.8000183105469,296.70001220703125,269.1000061035156,270.7099914550781,23580
2023-05-15 00:00:00-04:00,271.3999938964844,277.4259948730469,263.4420166015625,276.0,21700
2023-05-16 00:00:00-04:00,289.8000183105469,335.8000183105469,273.0559997558594,285.2460021972656,72296
2023-05-17 00:00:00-04:00,289.8000183105469,310.5,277.24200439453125,302.1280212402344,23347
2023-05-18 00:00:00-04:00,303.6000061035156,304.61199951171875,286.2120056152344,296.65399169921875,19857
2023-05-19 00:00:00-04:00,299.0,317.3999938964844,294.3999938964844,308.2460021972656,36336
2023-05-22 00:00:00-04:00,308.2460021972656,312.29400634765625,293.94000244140625,299.1839904785156,36686
2023-05-23 00:00:00-04:00,297.114013671875,297.114013671875,287.13201904296875,295.1820068359375,28197
2023-05-24 00:00:00-04:00,285.20001220703125,290.6510009765625,272.9179992675781,283.26800537109375,31516
2023-05-25 00:00:00-04:00,284.739990234375,285.1080017089844,259.9460144042969,263.02801513671875,32520
2023-05-26 00:00:00-04:00,266.8000183105469,290.67401123046875,263.947998046875,272.32000732421875,30244
2023-05-30 00:00:00-04:00,276.4599914550781,278.0240173339844,250.70001220703125,264.08599853515625,47266
2023-05-31 00:00:00-04:00,264.0400085449219,264.5,250.70001220703125,255.760009765625,31010
2023-06-01 00:00:00-04:00,253.0,256.6340026855469,250.70001220703125,252.12600708007812,25525
2023-06-02 00:00:00-04:00,257.6000061035156,257.78399658203125,249.04400634765625,253.0,20777
2023-06-05 00:00:00-04:00,257.6000061035156,266.8000183105469,253.0,256.72601318359375,44740
2023-06-06 00:00:00-04:00,256.6340026855469,262.20001220703125,251.71200561523438,259.3479919433594,36874
2023-06-07 00:00:00-04:00,262.20001220703125,278.4380187988281,262.20001220703125,267.489990234375,41452
2023-06-08 00:00:00-04:00,271.3999938964844,274.48199462890625,240.71800231933594,247.29600524902344,52527
2023-06-09 00:00:00-04:00,253.04600524902344,254.8400115966797,241.04000854492188,241.08599853515625,32434
2023-06-12 00:00:00-04:00,244.76600646972656,255.43800354003906,241.27000427246094,247.57200622558594,34026
2023-06-13 00:00:00-04:00,245.04200744628906,259.18701171875,240.5800018310547,258.05999755859375,47465
2023-06-14 00:00:00-04:00,259.8999938964844,274.9880065917969,258.10601806640625,258.88800048828125,34334
2023-06-15 00:00:00-04:00,262.20001220703125,328.85400390625,260.0379943847656,304.38201904296875,142775
2023-06-16 00:00:00-04:00,325.6340026855469,345.0,303.6000061035156,303.6000061035156,112312
2023-06-20 00:00:00-04:00,308.0159912109375,315.1000061035156,256.9100036621094,258.2440185546875,88214
2023-06-21 00:00:00-04:00,262.20001220703125,264.5,234.60000610351562,243.20201110839844,102390
2023-06-22 00:00:00-04:00,243.8000030517578,249.87200927734375,236.9459991455078,238.14199829101562,48081
2023-06-23 00:00:00-04:00,239.1999969482422,249.32000732421875,227.24000549316406,230.0,134784
2023-06-26 00:00:00-04:00,231.61000061035156,234.60000610351562,207.78199768066406,207.78199768066406,60191
2023-06-27 00:00:00-04:00,212.98001098632812,214.54400634765625,190.2100067138672,195.27000427246094,65915
2023-06-28 00:00:00-04:00,197.7080078125,204.24000549316406,193.1999969482422,199.7779998779297,43197
2023-06-29 00:00:00-04:00,207.69000244140625,229.67800903320312,199.63999938964844,215.64801025390625,76118
2023-06-30 00:00:00-04:00,219.4199981689453,226.77999877929688,215.6020050048828,220.5240020751953,46787
2023-07-03 00:00:00-04:00,232.66799926757812,248.40000915527344,231.8400115966797,248.40000915527344,64337
2023-07-05 00:00:00-04:00,253.0,257.55401611328125,247.48001098632812,252.9080047607422,47580
2023-07-06 00:00:00-04:00,247.66400146484375,247.75599670410156,230.0,237.26800537109375,40543
2023-07-07 00:00:00-04:00,240.99400329589844,258.2900085449219,235.33599853515625,254.42601013183594,43398
2023-07-10 00:00:00-04:00,293.7560119628906,294.35400390625,228.16000366210938,230.0,239333
2023-07-11 00:00:00-04:00,234.13999938964844,240.48800659179688,231.15000915527344,237.6820068359375,77471
2023-07-12 00:00:00-04:00,252.54000854492188,259.8080139160156,239.56800842285156,252.77000427246094,73523
2023-07-13 00:00:00-04:00,253.0,257.6000061035156,244.02999877929688,255.39199829101562,57407
2023-07-14 00:00:00-04:00,264.5,339.43402099609375,258.9339904785156,325.1280212402344,411767
2023-07-17 00:00:00-04:00,310.4540100097656,336.4900207519531,290.7200012207031,319.8840026855469,138243
2023-07-18 00:00:00-04:00,322.3680114746094,364.7799987792969,312.8000183105469,322.0,176956
2023-07-19 00:00:00-04:00,345.0460205078125,389.9420166015625,322.6440124511719,330.09600830078125,217235
2023-07-20 00:00:00-04:00,338.1000061035156,343.89599609375,299.552001953125,305.99200439453125,98404
2023-07-21 00:00:00-04:00,316.25,320.9880065917969,282.9460144042969,296.37799072265625,88365
2023-07-24 00:00:00-04:00,294.3999938964844,296.10198974609375,270.2959899902344,280.1400146484375,72489
2023-07-25 00:00:00-04:00,284.2799987792969,288.74200439453125,250.70001220703125,251.4820098876953,91033
2023-07-26 00:00:00-04:00,255.1160125732422,269.05401611328125,250.9300079345703,265.74200439453125,65419
2023-07-27 00:00:00-04:00,271.5379943847656,271.8600158691406,239.29200744628906,239.9820098876953,76943
2023-07-28 00:00:00-04:00,245.63999938964844,264.91400146484375,239.24600219726562,249.32000732421875,81522
2023-07-31 00:00:00-04:00,257.6000061035156,301.0240173339844,255.52999877929688,296.7919921875,144825
2023-08-01 00:00:00-04:00,302.5880126953125,310.36199951171875,285.843994140625,301.8059997558594,77472
2023-08-02 00:00:00-04:00,289.8000183105469,299.9200134277344,276.9200134277344,289.4779968261719,48625
2023-08-03 00:00:00-04:00,283.1759948730469,302.40399169921875,275.5400085449219,297.89599609375,52288
2023-08-04 00:00:00-04:00,303.6000061035156,304.1520080566406,272.4120178222656,277.24200439453125,68087
2023-08-07 00:00:00-04:00,275.08001708984375,275.08001708984375,241.5,261.739990234375,105728
2023-08-08 00:00:00-04:00,252.12600708007812,262.20001220703125,250.70001220703125,256.3580017089844,39112
2023-08-09 00:00:00-04:00,253.0,256.4960021972656,233.17401123046875,244.3520050048828,61345
2023-08-10 00:00:00-04:00,247.02000427246094,247.20401000976562,233.9560089111328,239.84400939941406,51432
2023-08-11 00:00:00-04:00,239.1999969482422,243.57000732421875,230.1840057373047,236.7620086669922,52067
2023-08-14 00:00:00-04:00,239.84400939941406,243.8000030517578,220.8000030517578,234.2779998779297,83094
2023-08-15 00:00:00-04:00,241.04000854492188,242.28199768066406,216.1999969482422,222.7779998779297,85759
2023-08-16 00:00:00-04:00,213.90000915527344,215.0500030517578,197.8000030517578,201.11199951171875,80554
2023-08-17 00:00:00-04:00,203.77999877929688,211.37001037597656,198.58200073242188,203.13600158691406,47140
2023-08-18 00:00:00-04:00,193.1999969482422,204.6999969482422,193.1999969482422,203.22799682617188,35483
2023-08-21 00:00:00-04:00,201.94000244140625,223.37600708007812,198.81199645996094,219.19000244140625,45242
2023-08-22 00:00:00-04:00,219.2360076904297,237.82000732421875,218.9600067138672,236.90000915527344,72259
2023-08-23 00:00:00-04:00,234.60000610351562,252.86199951171875,234.60000610351562,245.68600463867188,54391
2023-08-24 00:00:00-04:00,247.06600952148438,250.24000549316406,223.83599853515625,236.4860076904297,61039
2023-08-25 00:00:00-04:00,230.36801147460938,250.83799743652344,230.1840057373047,243.0640106201172,65224
2023-08-28 00:00:00-04:00,243.8000030517578,296.239990234375,243.66200256347656,296.239990234375,248408
2023-08-29 00:00:00-04:00,279.12799072265625,316.8479919433594,262.20001220703125,293.2959899902344,131807
2023-08-30 00:00:00-04:00,292.55999755859375,319.2400207519531,292.55999755859375,309.3500061035156,99539
2023-08-31 00:00:00-04:00,308.20001220703125,311.7879943847656,266.84600830078125,272.5500183105469,85511
2023-09-01 00:00:00-04:00,284.0500183105469,288.6499938964844,266.8000183105469,271.6300048828125,47119
2023-09-05 00:00:00-04:00,273.70001220703125,283.5899963378906,266.8000183105469,273.97601318359375,37638
2023-09-06 00:00:00-04:00,270.5260009765625,274.75799560546875,254.15000915527344,255.760009765625,35299
2023-09-07 00:00:00-04:00,243.8000030517578,248.40000915527344,231.9320068359375,247.02000427246094,38376
2023-09-08 00:00:00-04:00,243.8000030517578,246.10000610351562,223.10000610351562,228.43600463867188,50988
2023-09-11 00:00:00-04:00,232.16200256347656,243.8000030517578,231.3800048828125,239.33799743652344,29743
2023-09-12 00:00:00-04:00,239.56800842285156,260.8659973144531,239.1999969482422,241.6840057373047,30310
2023-09-13 00:00:00-04:00,242.2360076904297,243.3400115966797,232.80599975585938,234.60000610351562,20816
2023-09-14 00:00:00-04:00,237.54400634765625,245.2259979248047,232.11599731445312,234.60000610351562,28583
2023-09-15 00:00:00-04:00,238.83200073242188,240.0279998779297,216.79800415039062,221.81199645996094,67115
2023-09-18 00:00:00-04:00,224.38800048828125,224.48001098632812,209.62200927734375,212.4739990234375,71590
2023-09-19 00:00:00-04:00,216.1999969482422,227.83799743652344,204.6999969482422,219.3280029296875,59720
2023-09-20 00:00:00-04:00,219.74200439453125,223.10000610351562,208.1959991455078,208.42601013183594,29553
2023-09-21 00:00:00-04:00,208.05799865722656,212.01400756835938,201.34201049804688,203.91799926757812,27149
2023-09-22 00:00:00-04:00,206.49400329589844,210.6800079345703,198.58200073242188,207.0,30279
2023-09-25 00:00:00-04:00,202.7220001220703,211.41600036621094,196.55799865722656,210.49600219726562,31125
2023-09-26 00:00:00-04:00,209.62200927734375,232.99000549316406,207.0,216.1999969482422,59417
2023-09-27 00:00:00-04:00,214.1300048828125,225.40000915527344,211.60000610351562,225.30799865722656,44763
2023-09-28 00:00:00-04:00,218.04000854492188,225.40000915527344,216.1540069580078,222.87001037597656,14970
2023-09-29 00:00:00-04:00,218.5,228.57400512695312,218.5,225.40000915527344,34608
2023-10-02 00:00:00-04:00,223.46800231933594,226.22799682617188,202.40000915527344,205.29800415039062,40083
2023-10-03 00:00:00-04:00,206.30999755859375,208.79400634765625,200.14601135253906,204.74600219726562,22700
2023-10-04 00:00:00-04:00,202.40000915527344,207.0,193.24600219726562,197.84600830078125,32323
2023-10-05 00:00:00-04:00,198.44400024414062,204.6540069580078,184.0,204.24000549316406,41774
2023-10-06 00:00:00-04:00,193.7519989013672,196.46600341796875,188.64599609375,191.63600158691406,43637
2023-10-09 00:00:00-04:00,187.1280059814453,187.7259979248047,171.71800231933594,176.63999938964844,64035
2023-10-10 00:00:00-04:00,175.72000122070312,186.71400451660156,175.72000122070312,179.58399963378906,39503
2023-10-11 00:00:00-04:00,182.06800842285156,186.07000732421875,169.37200927734375,169.37200927734375,41164
2023-10-12 00:00:00-04:00,169.6020050048828,170.10800170898438,151.8000030517578,154.9739990234375,60364
2023-10-13 00:00:00-04:00,156.03199768066406,158.6999969482422,149.36199951171875,153.63999938964844,43509
2023-10-16 00:00:00-04:00,158.05599975585938,159.2519989013672,147.79800415039062,148.0279998779297,32935
2023-10-17 00:00:00-04:00,151.8000030517578,160.26400756835938,151.33999633789062,154.23800659179688,41415
2023-10-18 00:00:00-04:00,152.49000549316406,156.95199584960938,142.5540008544922,143.75,39246
2023-10-19 00:00:00-04:00,142.60000610351562,142.60000610351562,128.8000030517578,128.8000030517578,57751
2023-10-20 00:00:00-04:00,127.8800048828125,128.8000030517578,120.61199951171875,120.61199951171875,42894
2023-10-23 00:00:00-04:00,121.67000579833984,132.84800720214844,118.81800079345703,128.4320068359375,38781
2023-10-24 00:00:00-04:00,134.8260040283203,144.90000915527344,131.46800231933594,137.12600708007812,38451
2023-10-25 00:00:00-04:00,142.60000610351562,142.8300018310547,122.95800018310547,124.70600128173828,39906
2023-10-26 00:00:00-04:00,124.01599884033203,128.8000030517578,120.06000518798828,124.06200408935547,27900
2023-10-27 00:00:00-04:00,126.27000427246094,126.5,118.72600555419922,121.76200103759766,34005
2023-10-30 00:00:00-04:00,122.40599822998047,126.27000427246094,115.64400482177734,120.61199951171875,34207
2023-10-31 00:00:00-04:00,117.76000213623047,126.08599853515625,115.0,126.08599853515625,19572
2023-11-01 00:00:00-04:00,124.20000457763672,127.42000579833984,116.1500015258789,118.40399932861328,31650
2023-11-02 00:00:00-04:00,120.52000427246094,137.95399475097656,118.95600128173828,126.5,61944
2023-11-03 00:00:00-04:00,124.66000366210938,130.27200317382812,122.95800018310547,125.67200469970703,49587
2023-11-06 00:00:00-05:00,131.00799560546875,131.0540008544922,117.48400115966797,120.38200378417969,46313
2023-11-07 00:00:00-05:00,122.26800537109375,122.4520034790039,112.24000549316406,118.68000030517578,65149
2023-11-08 00:00:00-05:00,118.31200408935547,118.91000366210938,106.81200408935547,107.82400512695312,53826
2023-11-09 00:00:00-05:00,108.9739990234375,109.8479995727539,101.24600219726562,104.14400482177734,49309
2023-11-10 00:00:00-05:00,105.80000305175781,112.70000457763672,101.88999938964844,112.70000457763672,45147
2023-11-13 00:00:00-05:00,115.0,116.61000061035156,107.45600128173828,116.24200439453125,58301
2023-11-14 00:00:00-05:00,119.83000183105469,129.02999877929688,118.22000122070312,124.20000457763672,74081
2023-11-15 00:00:00-05:00,134.36599731445312,150.37400817871094,124.24600219726562,125.16600036621094,114789
2023-11-16 00:00:00-05:00,126.4540023803711,133.12400817871094,116.51800537109375,119.5999984741211,73040
2023-11-17 00:00:00-05:00,123.37200164794922,139.24200439453125,122.22200012207031,138.69000244140625,87419
2023-11-20 00:00:00-05:00,147.1999969482422,176.1800079345703,145.406005859375,167.34800720214844,223614
2023-11-21 00:00:00-05:00,174.2480010986328,174.29400634765625,156.40000915527344,158.28599548339844,98222
2023-11-22 00:00:00-05:00,162.05799865722656,162.33399963378906,144.90000915527344,151.20199584960938,73591
2023-11-24 00:00:00-05:00,146.27999877929688,151.8000030517578,140.07000732421875,147.93600463867188,34328
2023-11-27 00:00:00-05:00,144.2100067138672,153.68600463867188,140.3000030517578,152.6739959716797,46196
2023-11-28 00:00:00-05:00,156.40000915527344,162.1959991455078,150.9720001220703,158.6540069580078,48328
2023-11-29 00:00:00-05:00,161.0,165.32400512695312,142.60000610351562,142.60000610351562,77976
2023-11-30 00:00:00-05:00,146.50999450683594,149.84500122070312,142.60000610351562,142.60000610351562,63959
2023-12-01 00:00:00-05:00,140.99000549316406,142.60000610351562,133.40000915527344,133.40000915527344,68221
2023-12-04 00:00:00-05:00,138.0,138.0,123.74000549316406,124.20000457763672,76692
2023-12-05 00:00:00-05:00,123.74000549316406,124.20000457763672,115.04600524902344,117.94400024414062,63289
2023-12-06 00:00:00-05:00,119.64600372314453,129.49000549316406,115.92000579833984,123.97000122070312,58310
2023-12-07 00:00:00-05:00,123.64800262451172,124.98200225830078,115.0,115.0,49441
2023-12-08 00:00:00-05:00,115.0,117.2540054321289,111.31999969482422,113.98799896240234,52306
2023-12-11 00:00:00-05:00,115.64400482177734,120.65800476074219,110.9520034790039,114.49400329589844,47488
2023-12-12 00:00:00-05:00,112.70000457763672,114.21800231933594,106.85800170898438,111.31999969482422,57044
2023-12-13 00:00:00-05:00,107.59400177001953,113.52799987792969,104.42000579833984,111.96400451660156,72895
2023-12-14 00:00:00-05:00,116.10400390625,123.69400024414062,115.0,117.30000305175781,76865
2023-12-15 00:00:00-05:00,120.79600524902344,124.15399932861328,116.47200012207031,117.71400451660156,90162
2023-12-18 00:00:00-05:00,120.75,126.7300033569336,118.91000366210938,119.5999984741211,99059
2023-12-19 00:00:00-05:00,123.74000549316406,124.20000457763672,113.94200134277344,117.30000305175781,105670
2023-12-20 00:00:00-05:00,115.45999908447266,119.55400085449219,114.08000183105469,115.96600341796875,64971
2023-12-21 00:00:00-05:00,116.47200012207031,117.76000213623047,108.28400421142578,111.09000396728516,91361
2023-12-22 00:00:00-05:00,111.31999969482422,114.54000091552734,108.9739990234375,109.02000427246094,90544
2023-12-26 00:00:00-05:00,109.89400482177734,110.4000015258789,104.8800048828125,107.63999938964844,85125
2023-12-27 00:00:00-05:00,106.85800170898438,113.62000274658203,106.85800170898438,113.48200225830078,71425
2023-12-28 00:00:00-05:00,112.65399932861328,124.93600463867188,112.65399932861328,121.0260009765625,115407
2023-12-29 00:00:00-05:00,123.18800354003906,124.75199890136719,116.61000061035156,118.31200408935547,68076
